-- insert users --
insert into public.user (id, email, "phoneNumber", username, password, name, surname, country, city, adressLine1, "postalCode", regular) values (1, 'mmenault0@hexun.com', '527-456-4697', 'mmenault0', '1CSYpPzbrZJjxbSVBg4XZxCJ2rVDFLHNHz', 'Montague', 'Menault', 'Poland', 'Główczyce', '326 Almo Point', '76-220', false);
insert into public.user (id, email, "phoneNumber", username, password, name, surname, country, city, adressLine1, "postalCode", regular) values (2, 'climrick1@latimes.com', '874-308-9323', 'climrick1', '19QbPaFctsaAuu1qsx2g9P46y9J4KDfepr', 'Christine', 'Limrick', 'Poland', 'Olsztyn', '3 Clarendon Terrace', '42-256', false);
insert into public.user (id, email, "phoneNumber", username, password, name, surname, country, city, adressLine1, "postalCode", regular) values (3, 'meton2@merriam-webster.com', '889-258-2375', 'meton2', '1AY2zYnw1TEA3fbUBDTaH6g3w1yDdMWjWS', 'Marius', 'Eton', 'Poland', 'Giebułtów', '7 Crescent Oaks Avenue', '32-087', false);
insert into public.user (id, email, "phoneNumber", username, password, name, surname, country, city, adressLine1, "postalCode", regular) values (4, 'gbrainsby3@yahoo.com', '211-613-6168', 'gbrainsby3', '1PahEk1kJUuVjwmBeESR6PLqL4y354vgdw', 'Garry', 'Brainsby', 'Poland', 'Rzyki', '69 Garrison Avenue', '34-125', true);
insert into public.user (id, email, "phoneNumber", username, password, name, surname, country, city, adressLine1, "postalCode", regular) values (5, 'mwornum4@i2i.jp', '802-110-3163', 'mwornum4', '1DNG8WgK3W87rKuRWVjLsyU4ZEomPqNKc5', 'Mariquilla', 'Wornum', 'Poland', 'Damnica', '957 Waubesa Road', '76-231', true);
insert into public.user (id, email, "phoneNumber", username, password, name, surname, country, city, adressLine1, "postalCode", regular) values (6, 'fbauckham5@wikimedia.org', '526-247-7229', 'fbauckham5', '1G3sLaLN98DhsECxst2gQZgPLfs1tnDphq', 'Filippo', 'Bauckham', 'Poland', 'Węgliniec', '581 Mallory Crossing', '59-940', false);
insert into public.user (id, email, "phoneNumber", username, password, name, surname, country, city, adressLine1, "postalCode", regular) values (7, 'cthurlborn6@mysql.com', '353-111-8498', 'cthurlborn6', '12rVLojmERyyMbzGSCkibsG4X7LRf5QyLs', 'Colman', 'Thurlborn', 'Poland', 'Murów', '4246 Lien Court', '46-030', false);
insert into public.user (id, email, "phoneNumber", username, password, name, surname, country, city, adressLine1, "postalCode", regular) values (8, 'bweben7@yolasite.com', '839-247-7002', 'bweben7', '1DxCtu29MSNr7nerKPsh2trLkB4fFERz1P', 'Bernadine', 'Weben', 'Poland', 'Lubowidz', '8 Parkside Hill', '09-304', true);
insert into public.user (id, email, "phoneNumber", username, password, name, surname, country, city, adressLine1, "postalCode", regular) values (9, 'dwillshaw8@51.la', '153-819-4284', 'dwillshaw8', '1HV9iqtFXxZMQEsci2wbht6PHia2fpT83L', 'Domingo', 'Willshaw', 'Poland', 'Lubień', '257 Oneill Crossing', '32-433', false);
insert into public.user (id, email, "phoneNumber", username, password, name, surname, country, city, adressLine1, "postalCode", regular) values (10, 'bvanthoog9@purevolume.com', '387-995-0101', 'bvanthoog9', '1MjNLzEWoZs1uBsdynKJ5e8BSpiNScQwwb', 'Biron', 'Van T''Hoog', 'Poland', 'Rzeczenica', '1 Artisan Lane', '77-304', true);
insert into public.user (id, email, "phoneNumber", username, password, name, surname, country, city, adressLine1, "postalCode", regular) values (11, 'ssigginsa@hugedomains.com', '807-999-6016', 'ssigginsa', '19fijH37XXaD2NGhVTU8R5UXZaSaMcPqdx', 'Sol', 'Siggins', 'Poland', 'Jeziorzany', '71809 Arizona Park', '21-146', false);
insert into public.user (id, email, "phoneNumber", username, password, name, surname, country, city, adressLine1, "postalCode", regular) values (12, 'tdeattab@usnews.com', '138-551-5959', 'tdeattab', '16RhBWNVmvL9tZLbnRUNZVrvnJgJhfB9wH', 'Toinette', 'De Atta', 'Poland', 'Baranów', '4924 Elgar Road', '96-314', true);
insert into public.user (id, email, "phoneNumber", username, password, name, surname, country, city, adressLine1, "postalCode", regular) values (13, 'lgebbiec@oakley.com', '466-360-5696', 'lgebbiec', '178MomX8PuF9aMzMc3qm8asYtYyXmw3my9', 'Layla', 'Gebbie', 'Poland', 'Wilcza', '52 Melvin Pass', '44-189', true);
insert into public.user (id, email, "phoneNumber", username, password, name, surname, country, city, adressLine1, "postalCode", regular) values (14, 'wquantrelld@google.com', '263-341-6006', 'wquantrelld', '1PchABTrZh3mcMLu5J1EjadgDGj7yWxMLu', 'Woodie', 'Quantrell', 'Poland', 'Sośnicowice', '14 North Pass', '44-153', true);
insert into public.user (id, email, "phoneNumber", username, password, name, surname, country, city, adressLine1, "postalCode", regular) values (15, 'gmoyere@goo.ne.jp', '917-420-3699', 'gmoyere', '1LrRPbL8wmQrZns3NF4geSzjZQevLjdyDe', 'Gus', 'Moyer', 'Poland', 'Boniewo', '2679 Hudson Drive', '87-851', true);
insert into public.user (id, email, "phoneNumber", username, password, name, surname, country, city, adressLine1, "postalCode", regular) values (16, 'abaudessonf@cbsnews.com', '139-385-4826', 'abaudessonf', '133N9sHjt8UAduoVM3dMagXLLkrdf2XKNo', 'Arnoldo', 'Baudesson', 'Poland', 'Kaczory', '62 Norway Maple Junction', '64-810', true);
insert into public.user (id, email, "phoneNumber", username, password, name, surname, country, city, adressLine1, "postalCode", regular) values (17, 'rgoodwellg@comcast.net', '717-716-1469', 'rgoodwellg', '15YCYxghXCzWyTTQAETMXbr9tfRy4L8xmd', 'Ranee', 'Goodwell', 'Poland', 'Radostowice', '514 Oak Valley Trail', '43-243', false);
insert into public.user (id, email, "phoneNumber", username, password, name, surname, country, city, adressLine1, "postalCode", regular) values (18, 'ymcaleesh@tamu.edu', '283-978-2045', 'ymcaleesh', '1Ea6myfi1P4bheGZ6TxpQLFDg1pJi7cdRv', 'Yolanthe', 'McAlees', 'Poland', 'Sietesz', '30 Northland Pass', '37-206', true);
insert into public.user (id, email, "phoneNumber", username, password, name, surname, country, city, adressLine1, "postalCode", regular) values (19, 'icoskerryi@unblog.fr', '957-586-3559', 'icoskerryi', '17yu63MyDRtLDgUaQQSAyYnRsooH7v7RUU', 'Inglis', 'Coskerry', 'Poland', 'Dzwola', '671 Maple Wood Parkway', '23-304', true);
insert into public.user (id, email, "phoneNumber", username, password, name, surname, country, city, adressLine1, "postalCode", regular) values (20, 'alabelj@mozilla.org', '944-210-2776', 'alabelj', '18s5HRc5nqx867bCgec1bsg3Fs3YNH388v', 'Ashil', 'Label', 'Poland', 'Strachówka', '054 Scoville Center', '05-282', true);
insert into public.user (id, email, "phoneNumber", username, password, name, surname, country, city, adressLine1, "postalCode", regular) values (21, 'lcobleyk@craigslist.org', '873-966-1200', 'lcobleyk', '127sfmF6qXvndf9FMRRYTivomSLS2YoYiX', 'Lanette', 'Cobley', 'Poland', 'Sępólno Krajeńskie', '16 Eagle Crest Place', '89-400', true);
insert into public.user (id, email, "phoneNumber", username, password, name, surname, country, city, adressLine1, "postalCode", regular) values (22, 'cdaelmanl@google.co.uk', '812-788-3668', 'cdaelmanl', '155SaEizBr7p8PJsDM3rdH4MJpBHx7DPyq', 'Cindelyn', 'Daelman', 'Poland', 'Skalbmierz', '53516 Donald Circle', '28-530', true);
insert into public.user (id, email, "phoneNumber", username, password, name, surname, country, city, adressLine1, "postalCode", regular) values (23, 'dcharmanm@bluehost.com', '184-627-6094', 'dcharmanm', '127N1Si1Wi218w5GzDotyThLD4imAns38k', 'Dulcia', 'Charman', 'Poland', 'Kasina Wielka', '1559 Ridgeway Terrace', '34-741', true);
insert into public.user (id, email, "phoneNumber", username, password, name, surname, country, city, adressLine1, "postalCode", regular) values (24, 'bchastangn@cbsnews.com', '463-605-7164', 'bchastangn', '171JkDgEAhH975jh9vnU3Q4iQ8cki78vsg', 'Bevon', 'Chastang', 'Poland', 'Ochla', '36 Independence Place', '65-980', true);
insert into public.user (id, email, "phoneNumber", username, password, name, surname, country, city, adressLine1, "postalCode", regular) values (25, 'azarfaio@ustream.tv', '963-186-6711', 'azarfaio', '14RkPa9XgkmkQ33XpBamcnEu3DbkV7R632', 'Alisha', 'Zarfai', 'Poland', 'Iwierzyce', '30 Mccormick Court', '39-124', false);
insert into public.user (id, email, "phoneNumber", username, password, name, surname, country, city, adressLine1, "postalCode", regular) values (26, 'ctaylorp@reverbnation.com', '222-985-7740', 'ctaylorp', '1MntJpiqZzcPLiu9CfjqQtrrVUyU3wrw1u', 'Corey', 'Taylor', 'Poland', 'Zakroczym', '07583 Sloan Center', '05-170', true);
insert into public.user (id, email, "phoneNumber", username, password, name, surname, country, city, adressLine1, "postalCode", regular) values (27, 'nwannesq@miitbeian.gov.cn', '972-417-7291', 'nwannesq', '1DYDKYhhExjVA9V42E1G8UtbqLPVD8pHx4', 'Nelle', 'Wannes', 'Poland', 'Zabierzów', '50211 Di Loreto Crossing', '32-080', true);
insert into public.user (id, email, "phoneNumber", username, password, name, surname, country, city, adressLine1, "postalCode", regular) values (28, 'pcraiser@howstuffworks.com', '153-357-6914', 'pcraiser', '1Mng9WRYLZ3fnucmbnPUvqwxPqiKuS8FM7', 'Pierce', 'Craise', 'Poland', 'Żurowa', '588 Ludington Street', '38-323', false);
insert into public.user (id, email, "phoneNumber", username, password, name, surname, country, city, adressLine1, "postalCode", regular) values (29, 'qjimenezs@free.fr', '304-744-5444', 'qjimenezs', '1KEJedvE4CGXcDD9ATr5wUNM6rkmH4Ja7c', 'Quill', 'Jimenez', 'Poland', 'Biała Piska', '15 Emmet Hill', '12-230', true);
insert into public.user (id, email, "phoneNumber", username, password, name, surname, country, city, adressLine1, "postalCode", regular) values (30, 'atavinort@earthlink.net', '200-160-0690', 'atavinort', '16RfMxtwkH5uRKiKEA3JUhrnRenfeeZ9D8', 'Ad', 'Tavinor', 'Poland', 'Kalety', '65 Lillian Street', '42-660', true);

-- insert orders --
insert into public.order (id, user_id, "orderDate", status) values (1, 16, '12/04/2020', 'received');
insert into public.order (id, user_id, "orderDate", status) values (2, 27, '13/03/2020', 'received');
insert into public.order (id, user_id, "orderDate", status) values (3, 11, '24/03/2020', 'received');
insert into public.order (id, user_id, "orderDate", status) values (4, 16, '22/09/2020', 'received');
insert into public.order (id, user_id, "orderDate", status) values (5, 29, '12/03/2020', 'received');
insert into public.order (id, user_id, "orderDate", status) values (6, 14, '11/09/2020', 'received');
insert into public.order (id, user_id, "orderDate", status) values (7, 1, '12/03/2020', 'received');
insert into public.order (id, user_id, "orderDate", status) values (8, 10, '08/04/2020', 'received');
insert into public.order (id, user_id, "orderDate", status) values (9, 29, '13/06/2021', 'received');
insert into public.order (id, user_id, "orderDate", status) values (10, 5, '09/10/2020', 'received');
insert into public.order (id, user_id, "orderDate", status) values (11, 20, '22/02/2021', 'received');
insert into public.order (id, user_id, "orderDate", status) values (12, 24, '02/02/2020', 'received');
insert into public.order (id, user_id, "orderDate", status) values (13, 24, '04/12/2020', 'received');
insert into public.order (id, user_id, "orderDate", status) values (14, 21, '06/08/2020', 'received');
insert into public.order (id, user_id, "orderDate", status) values (15, 30, '24/07/2020', 'received');
insert into public.order (id, user_id, "orderDate", status) values (16, 13, '18/01/2020', 'received');
insert into public.order (id, user_id, "orderDate", status) values (17, 11, '07/01/2021', 'received');
insert into public.order (id, user_id, "orderDate", status) values (18, 14, '23/06/2020', 'received');
insert into public.order (id, user_id, "orderDate", status) values (19, 22, '06/12/2020', 'received');
insert into public.order (id, user_id, "orderDate", status) values (20, 26, '24/10/2020', 'received');
insert into public.order (id, user_id, "orderDate", status) values (21, 24, '23/01/2021', 'received');
insert into public.order (id, user_id, "orderDate", status) values (22, 10, '24/11/2020', 'received');
insert into public.order (id, user_id, "orderDate", status) values (23, 29, '06/03/2021', 'received');
insert into public.order (id, user_id, "orderDate", status) values (24, 21, '19/08/2020', 'received');
insert into public.order (id, user_id, "orderDate", status) values (25, 23, '12/09/2020', 'received');
insert into public.order (id, user_id, "orderDate", status) values (26, 29, '15/12/2020', 'received');
insert into public.order (id, user_id, "orderDate", status) values (27, 7, '14/05/2020', 'received');
insert into public.order (id, user_id, "orderDate", status) values (28, 25, '19/03/2021', 'received');
insert into public.order (id, user_id, "orderDate", status) values (29, 21, '06/05/2021', 'received');
insert into public.order (id, user_id, "orderDate", status) values (30, 19, '10/11/2020', 'received');
insert into public.order (id, user_id, "orderDate", status) values (31, 16, '06/01/2021', 'received');
insert into public.order (id, user_id, "orderDate", status) values (32, 8, '19/06/2020', 'received');
insert into public.order (id, user_id, "orderDate", status) values (33, 10, '17/02/2021', 'received');
insert into public.order (id, user_id, "orderDate", status) values (34, 16, '25/12/2020', 'received');
insert into public.order (id, user_id, "orderDate", status) values (35, 18, '07/01/2021', 'received');
insert into public.order (id, user_id, "orderDate", status) values (36, 4, '05/07/2020', 'canceled');
insert into public.order (id, user_id, "orderDate", status) values (37, 29, '16/08/2020', 'received');
insert into public.order (id, user_id, "orderDate", status) values (38, 15, '03/08/2020', 'received');
insert into public.order (id, user_id, "orderDate", status) values (39, 4, '12/04/2021', 'received');
insert into public.order (id, user_id, "orderDate", status) values (40, 16, '18/08/2020', 'received');
insert into public.order (id, user_id, "orderDate", status) values (41, 26, '13/07/2020', 'received');
insert into public.order (id, user_id, "orderDate", status) values (42, 15, '11/06/2020', 'received');
insert into public.order (id, user_id, "orderDate", status) values (43, 11, '05/12/2020', 'received');
insert into public.order (id, user_id, "orderDate", status) values (44, 1, '04/05/2020', 'received');
insert into public.order (id, user_id, "orderDate", status) values (45, 8, '06/03/2020', 'received');
insert into public.order (id, user_id, "orderDate", status) values (46, 7, '14/09/2020', 'received');
insert into public.order (id, user_id, "orderDate", status) values (47, 22, '08/10/2020', 'received');
insert into public.order (id, user_id, "orderDate", status) values (48, 25, '25/12/2020', 'received');
insert into public.order (id, user_id, "orderDate", status) values (49, 26, '19/01/2020', 'canceled');
insert into public.order (id, user_id, "orderDate", status) values (50, 18, '20/02/2021', 'canceled');

-- insert relations order_game --
insert into public.order_game (order_id, game_id, orderQuantity) values (1, 5, 1);
insert into public.order_game (order_id, game_id, orderQuantity) values (2, 5, 1);
insert into public.order_game (order_id, game_id, orderQuantity) values (3, 4, 1);
insert into public.order_game (order_id, game_id, orderQuantity) values (3, 10, 1);
insert into public.order_game (order_id, game_id, orderQuantity) values (4, 5, 2);
insert into public.order_game (order_id, game_id, orderQuantity) values (5, 10, 1);
insert into public.order_game (order_id, game_id, orderQuantity) values (6, 7, 1);
insert into public.order_game (order_id, game_id, orderQuantity) values (7, 4, 1);
insert into public.order_game (order_id, game_id, orderQuantity) values (8, 8, 1);
insert into public.order_game (order_id, game_id, orderQuantity) values (9, 2, 1);
insert into public.order_game (order_id, game_id, orderQuantity) values (10, 1, 2);
insert into public.order_game (order_id, game_id, orderQuantity) values (11, 8, 1);
insert into public.order_game (order_id, game_id, orderQuantity) values (12, 1, 1);
insert into public.order_game (order_id, game_id, orderQuantity) values (13, 4, 1);
insert into public.order_game (order_id, game_id, orderQuantity) values (13, 6, 1);
insert into public.order_game (order_id, game_id, orderQuantity) values (14, 8, 1);
insert into public.order_game (order_id, game_id, orderQuantity) values (15, 4, 1);
insert into public.order_game (order_id, game_id, orderQuantity) values (16, 6, 1);
insert into public.order_game (order_id, game_id, orderQuantity) values (17, 2, 1);
insert into public.order_game (order_id, game_id, orderQuantity) values (18, 4, 3);
insert into public.order_game (order_id, game_id, orderQuantity) values (19, 9, 1);
insert into public.order_game (order_id, game_id, orderQuantity) values (20, 7, 1);
insert into public.order_game (order_id, game_id, orderQuantity) values (21, 9, 1);
insert into public.order_game (order_id, game_id, orderQuantity) values (22, 8, 3);
insert into public.order_game (order_id, game_id, orderQuantity) values (22, 1, 2);
insert into public.order_game (order_id, game_id, orderQuantity) values (23, 10, 1);
insert into public.order_game (order_id, game_id, orderQuantity) values (24, 5, 1);
insert into public.order_game (order_id, game_id, orderQuantity) values (25, 6, 1);
insert into public.order_game (order_id, game_id, orderQuantity) values (26, 3, 1);
insert into public.order_game (order_id, game_id, orderQuantity) values (27, 7, 1);
insert into public.order_game (order_id, game_id, orderQuantity) values (28, 8, 1);
insert into public.order_game (order_id, game_id, orderQuantity) values (29, 10, 1);
insert into public.order_game (order_id, game_id, orderQuantity) values (29, 6, 1);
insert into public.order_game (order_id, game_id, orderQuantity) values (30, 2, 2);

-- insert storage --
insert into public.storage (id, game_id, quantity, price, archived) values (1, 1, 6, 40.0, false);
insert into public.storage (id, game_id, quantity, price, archived) values (2, 2, 4, 105.65, false);
insert into public.storage (id, game_id, quantity, price, archived) values (3, 3, 6, 126.70, false);
insert into public.storage (id, game_id, quantity, price, archived) values (4, 4, 5, 449.0, false);
insert into public.storage (id, game_id, quantity, price, archived) values (5, 5, 6, 74.50, false);
insert into public.storage (id, game_id, quantity, price, archived) values (6, 6, 6, 48.90, false);
insert into public.storage (id, game_id, quantity, price, archived) values (7, 7, 4, 69.75, false);
insert into public.storage (id, game_id, quantity, price, archived) values (8, 8, 10, 137.99, false);
insert into public.storage (id, game_id, quantity, price, archived) values (9, 9, 1, 69.93, false);
insert into public.storage (id, game_id, quantity, price, archived) values (10, 10, 4, 75.71, false);
